{"x":10484,"y":25320,"tile":[37.82280243352757,-122.40966796875],"tile_m":[-13626581.906454941,4554423.89334394],"water":[{"type":"polygon","coords":[[[660.4636975247413,48.9674712466076],[660.4636975247413,660.4636975256726],[48.96747124567628,660.4636975256726],[48.96747124567628,48.9674712466076],[660.4636975247413,48.9674712466076]]]}],"buildings":[],"roads":[{"type":"linestring","coords":[[312.0183381177485,19.109257074072957],[423.9866412691772,375.467043235898],[480.71724820137024,550.4361782949418],[512.3669552244246,630.6054833522066]]},{"type":"linestring","coords":[[271.560457913205,19.109257074072957],[386.8131646234542,386.81316462066025],[444.14093583635986,563.5737925302237],[470.71474645100534,630.6054833522066]]},{"type":"linestring","coords":[[223.0408598780632,19.109257074072957],[248.7189240679145,62.254376551136374],[296.49206674844027,258.12426153291017],[339.4878951571882,458.7714607808739],[395.4720467329025,630.6054833522066]]}]}