{"x":10484,"y":25322,"tile":[37.81412370160446,-122.40966796875],"tile_m":[-13626581.906454941,4553200.90089138],"water":[{"type":"polygon","coords":[[[660.4636975247413,48.96747124567628],[660.4636975247413,660.4636975303292],[398.90574136190116,660.4636975303292],[393.38197173923254,577.1592799834907],[392.33693424612284,574.7706228485331],[389.50040389969945,573.8748764237389],[318.58714523538947,578.2043174775317],[316.04919703118503,580.8915567547083],[321.2743845116347,660.4636975303292],[17.019182078540325,660.4636975303292],[33.441199876368046,628.515408362262],[48.96747124567628,590.2968942187726],[48.96747124567628,504.0066552562639],[47.47456053644419,496.0942285032943],[48.96747124567628,492.95911601372063],[48.96747124567628,490.570458878763],[47.02668732404709,478.7764642788097],[44.48873911798,476.8356803515926],[42.99582840874791,468.9232535995543],[44.78732126019895,464.74310361687094],[42.99582840874791,452.2026536669582],[39.71142485179007,448.32108582463115],[38.66638735495508,441.4536965601146],[48.96747124567628,418.4628716474399],[48.96747124567628,48.96747124567628],[660.4636975247413,48.96747124567628]]]}],"buildings":[{"type":"polygon","coords":[[[383.37946999259293,574.1734585659578],[386.2160003390163,616.4228316219524],[325.0066612828523,616.4228316219524],[324.8573702108115,613.5863012764603],[322.46871307864785,578.0550264101475],[383.37946999259293,574.1734585659578]]]}],"roads":[{"type":"linestring","coords":[[630.605483353138,535.5070712082088],[592.9841334950179,465.6388500444591],[532.8198319319636,373.3769682459533],[462.2051554117352,280.0700489524752],[196.46704926341772,19.10925706848502]]},{"type":"linestring","coords":[[630.605483353138,168.997492226772],[463.5487750489265,95.69557642936707],[119.58214776776731,38.36780521273613],[60.76146584190428,31.052542742341757],[0.14929107204079628,28.81317667849362],[19.109257070347667,33.14261773601174]]}]}