{"x":10485,"y":25321,"tile":[37.818463195113296,-122.4041748046875],"tile_m":[-13625970.41022866,4553812.397117661],"water":[{"type":"polygon","coords":[[[660.4636975266039,48.96747124474496],[660.4636975266039,660.4636975266039],[48.967471243813634,660.4636975266039],[48.967471243813634,48.96747124474496],[660.4636975266039,48.96747124474496]]]}],"buildings":[],"roads":[{"type":"linestring","coords":[[19.109257070347667,239.01500446349382],[6.568807117640972,277.9799739597365],[49.56463552825153,418.3135805791244],[119.13427455350757,552.6755443587899],[174.8198439888656,630.6054833550006]]},{"type":"linestring","coords":[[19.109257070347667,351.43118082918227],[14.182651733979583,434.58630730304867],[85.84236574918032,573.1284210691229],[126.89741023816168,630.6054833550006]]},{"type":"linestring","coords":[[19.109257070347667,515.502067710273],[14.630524944514036,582.9816317455843],[48.967471243813634,630.6054833550006]]}]}