{"x":10483,"y":25320,"tile":[37.82280243352757,-122.4151611328125],"tile_m":[-13627193.402681224,4554423.89334394],"water":[{"type":"polygon","coords":[[[660.4636975284666,48.9674712466076],[660.4636975284666,660.4636975256726],[48.967471243813634,660.4636975256726],[48.967471243813634,48.9674712466076],[660.4636975284666,48.9674712466076]]]}],"buildings":[],"roads":[{"type":"linestring","coords":[[322.02083986625075,630.6054833522066],[311.5704649053514,617.4678691122681],[56.13344264961779,242.8965723020956],[19.109257070347667,142.42368161026388]]}]}