{"x":10483,"y":25321,"tile":[37.818463195113296,-122.4151611328125],"tile_m":[-13627193.402681224,4553812.397117661],"water":[{"type":"polygon","coords":[[[660.4636975284666,48.96747124474496],[660.4636975284666,660.4636975266039],[48.967471243813634,660.4636975266039],[48.967471243813634,48.96747124474496],[660.4636975284666,48.96747124474496]]]}],"buildings":[],"roads":[{"type":"linestring","coords":[[630.6054833550006,392.6355163883418],[507.44034988619387,253.94411154836416],[311.5704649053514,5.971642833203077],[294.4019917566329,19.10925706848502]]}]}