{"x":10483,"y":25322,"tile":[37.81412370160446,-122.4151611328125],"tile_m":[-13627193.402681224,4553200.90089138],"water":[{"type":"polygon","coords":[[[660.4636975284666,48.96747124567628],[660.4636975284666,660.4636975303292],[594.47704420425,660.4636975303292],[578.0550264064223,628.515408362262],[552.6755443606526,566.1117407390848],[555.0642014928162,551.7797979367897],[553.5712907854468,547.599647950381],[555.512074707076,534.6113247843459],[558.1993139833212,531.9240855099633],[559.6922246906906,523.862367682159],[557.7514407690614,520.4286730531603],[559.6922246906906,507.44034988619387],[562.6780461072922,503.85736418515444],[564.0216657463461,496.0942285032943],[562.2301728967577,492.36195172928274],[564.4695389587432,478.7764642788097],[567.0074871648103,476.8356803515926],[568.5003978740424,468.9232535995543],[566.7089050225914,464.74310361687094],[568.5003978740424,452.2026536669582],[571.7848014310002,448.32108582463115],[572.8298389278352,441.4536965601146],[551.6305068638176,394.1284270947799],[529.2368462327868,385.32025391515344],[526.698898030445,380.24435750581324],[504.6038195397705,390.0975681822747],[496.84068385511637,387.26103783678263],[469.66970895789564,399.5029056482017],[466.9824696816504,407.26604133378714],[434.13843408972025,422.1951484186575],[424.8823876976967,446.08171976171434],[420.8515287823975,452.0533625939861],[443.9916447661817,503.11090882960707],[450.56045188754797,503.70807311311364],[502.364453477785,618.9607798252255],[503.2601999025792,621.3494369611144],[502.51374454796314,624.1859673047438],[504.9024016801268,628.6646994324401],[507.2910588160157,630.0083190705627],[519.9807998389006,657.3285850388929],[520.4286730531603,660.4636975303292],[377.25853608734906,660.4636975303292],[381.14010393060744,657.7764582522213],[270.66471148841083,495.9449374284595],[255.13844011723995,506.2460213182494],[270.9632936306298,529.0875551616773],[281.71225073188543,521.4737105499953],[303.2101649362594,552.8248354289681],[292.3119167648256,559.6922246897593],[301.8665452990681,573.7255853535607],[312.7647934742272,566.5596139496192],[336.20349160023034,601.1951423930004],[325.753116639331,608.0625316528603],[334.85987196303904,621.4987280322239],[345.16095585003495,614.3327566254884],[370.3911468293518,651.0583600606769],[358.4478611573577,659.7172421729192],[358.89573437161744,660.4636975303292],[48.967471243813634,660.4636975303292],[48.967471243813634,48.96747124567628],[660.4636975284666,48.96747124567628]]]}],"buildings":[{"type":"polygon","coords":[[[512.0683730840683,571.6355103617534],[524.0116587541997,597.6121566938236],[522.3694569729269,598.8064852608368],[524.4595319647342,603.5837995251641],[506.3953123912215,611.7948084268719],[498.78146777674556,595.0742084886879],[505.7981481086463,591.6405138550326],[501.7672891933471,582.981631747447],[504.45452846959233,581.936594250612],[506.6938945315778,574.1734585659578],[512.0683730840683,571.6355103617534]]]},{"type":"polygon","coords":[[[464.74310361780226,481.61299462709576],[474.59631429612637,502.96161776036024],[464.8923946879804,507.44034988619387],[460.264371490106,497.1392659973353],[461.4587000589818,496.5421017119661],[456.3828036505729,485.49456247128546],[464.74310361780226,481.61299462709576]]]},{"type":"polygon","coords":[[[540.582967620343,549.6897229403257],[553.7205818556249,578.502899620682],[538.9407658390701,585.2209978122264],[525.8031516019255,556.258530058898],[540.582967620343,549.6897229403257]]]},{"type":"polygon","coords":[[[479.07504642009735,473.5512767992914],[489.2268392406404,496.5421017119661],[477.13426250219345,501.9165802625939],[466.9824696816504,478.92575535178185],[479.07504642009735,473.5512767992914]]]},{"type":"polygon","coords":[[[478.9257553499192,504.0066552562639],[484.1509428322315,515.203485573642],[480.5679571311921,516.8456873539835],[481.91157676652074,519.3836355544627],[467.7289250344038,525.9524426767603],[461.3094089888036,512.068373085931],[478.9257553499192,504.0066552562639]]]},{"type":"polygon","coords":[[[515.5020677149296,432.94410552456975],[518.0400159172714,438.766457288526],[516.6963962800801,439.5129126422107],[518.7864712718874,444.1409358391538],[522.0708748325706,442.64802512712777],[526.2510248161852,452.2026536669582],[512.0683730840683,458.77146078273654],[511.3219177313149,461.3094089878723],[508.63467845506966,462.5037375567481],[505.7981481086463,461.3094089878723],[504.6038195397705,458.77146078273654],[504.75311060994864,456.68138579372317],[497.5871392097324,441.4536965601146],[515.5020677149296,432.94410552456975]]]},{"type":"polygon","coords":[[[555.3627836368978,582.981631747447],[567.4553603753448,610.1526066446677],[569.396144296974,609.2568602208048],[572.8298389278352,616.4228316219524],[548.644685447216,616.4228316219524],[546.4053193833679,611.1976441433653],[548.0475211627781,610.6004798570648],[542.2251693997532,599.4036495406181],[545.9574461709708,587.161781731993],[555.3627836368978,582.981631747447]]]},{"type":"polygon","coords":[[[466.9824696816504,420.2543645007536],[471.01332859508693,429.0625376775861],[477.2835535723716,426.22600733395666],[485.9424356818199,445.7831376194954],[474.4470232259482,451.00832509901375],[475.93993393331766,454.1434375839308],[466.0867232568562,458.62216971442103],[471.1626196652651,469.66970895510167],[462.9516107663512,473.25269465893507],[464.8923946879804,477.73142678197473],[450.1125786732882,484.4495249716565],[448.17179475165904,479.82150177750736],[440.856532279402,483.2551964055747],[429.5104108918458,458.1742965001613],[434.58630730398,455.7856393652037],[432.19765016809106,450.7097429558635],[435.03418051451445,442.05086084548384],[439.3636215683073,440.11007692757994],[438.3185840751976,437.57212872058153],[450.56045188754797,432.04835909977555],[448.9182501062751,428.4653733978048],[466.9824696816504,420.2543645007536]]]},{"type":"polygon","coords":[[[527.2960623130202,488.480383887887],[530.7297569420189,496.39281064178795],[546.7039015237242,489.67471245117486],[548.943267589435,495.19848207756877],[550.7347604390234,494.1534445807338],[554.4670372121036,501.9165802625939],[549.8390140142292,504.15594632551074],[552.3769622202963,508.9332605917007],[553.7205818556249,512.814828437753],[554.168455068022,516.5471052108333],[554.168455068022,520.5779641242698],[553.4219997152686,524.9074051808566],[552.2276711463928,528.490390879102],[550.4361782986671,531.9240855099633],[548.943267589435,535.2084890659899],[546.554610453546,538.1943104835227],[543.8673711773008,540.582967617549],[540.4336765483022,542.5237515429035],[534.1634515710175,544.763117602095],[512.0683730840683,496.39281064178795],[517.4428516346961,494.3027356490493],[516.8456873521209,492.95911601372063],[527.2960623130202,488.480383887887]]]},{"type":"polygon","coords":[[[522.5187480449677,608.9582780776545],[525.6538605317473,616.4228316219524],[503.40949097275734,616.4228316219524],[514.6063212882727,610.7497709281743],[515.5020677149296,612.5412637805566],[522.5187480449677,608.9582780776545]]]},{"type":"polygon","coords":[[[480.8665392715484,525.2059873202816],[483.5537785477936,531.3269212283194],[486.6888910345733,530.2818837286904],[494.750608863309,548.943267586641],[506.3953123912215,543.5687890369445],[515.203485570848,562.9766282504424],[503.55878204479814,568.0525246597826],[501.0208338405937,576.1142424857244],[494.6013177931309,578.9507728330791],[500.4236695561558,590.4461852908134],[491.7647874467075,594.4770442033187],[478.9257553499192,565.8131585987285],[484.4495249725878,563.4245014628395],[469.66970895789564,529.9833015883341],[480.8665392715484,525.2059873202816]]]},{"type":"polygon",